{
  "search_params": {
    "min_features": 15,
    "max_features": 52,
    "step": 5,
    "degree": 2,
    "total_tests": 9
  },
  "results": [
    {
      "k": 15,
      "selected_features": 15,
      "poly_features": 135,
      "train_r2": 0.18568101529745185,
      "train_rmse": 1796.7829948856927,
      "train_mae": 1551.8560347729497,
      "val_r2": 0.17020573291011942,
      "val_rmse": 1797.1391106738038,
      "val_mae": 1549.0170281042328,
      "overfitting": 0.015475282387332423,
      "time_seconds": 0.053212881088256836,
      "features": [
        "rush_temp",
        "Rush Hour",
        "rush_hour_cycle",
        "rush_weather_high",
        "rush_weather_Clouds",
        "rush_weather_Clear",
        "temp_cubed",
        "temp_extreme_hot",
        "temp_squared",
        "temp"
      ]
    },
    {
      "k": 20,
      "selected_features": 20,
      "poly_features": 230,
      "train_r2": 0.197517561136348,
      "train_rmse": 1783.6766104222563,
      "train_mae": 1533.6650070167698,
      "val_r2": 0.18104757221976397,
      "val_rmse": 1785.360072546475,
      "val_mae": 1533.503458111498,
      "overfitting": 0.016469988916584022,
      "time_seconds": 0.09095883369445801,
      "features": [
        "rush_temp",
        "Rush Hour",
        "rush_hour_cycle",
        "rush_weather_high",
        "rush_weather_Clouds",
        "rush_weather_Clear",
        "temp_cubed",
        "temp_extreme_hot",
        "temp_squared",
        "temp"
      ]
    },
    {
      "k": 25,
      "selected_features": 25,
      "poly_features": 350,
      "train_r2": 0.20110340975622265,
      "train_rmse": 1779.6870182223724,
      "train_mae": 1529.0671117608174,
      "val_r2": 0.18290167694726311,
      "val_rmse": 1783.3379036407096,
      "val_mae": 1530.527707825081,
      "overfitting": 0.018201732808959536,
      "time_seconds": 0.14162397384643555,
      "features": [
        "rush_temp",
        "Rush Hour",
        "rush_hour_cycle",
        "rush_weather_high",
        "rush_weather_Clouds",
        "rush_weather_Clear",
        "temp_cubed",
        "temp_extreme_hot",
        "temp_squared",
        "temp"
      ]
    },
    {
      "k": 30,
      "selected_features": 30,
      "poly_features": 495,
      "train_r2": 0.20556268037161263,
      "train_rmse": 1774.713150796255,
      "train_mae": 1522.1820647104994,
      "val_r2": 0.18170974532068962,
      "val_rmse": 1784.638140205951,
      "val_mae": 1528.613566720906,
      "overfitting": 0.023852935050923008,
      "time_seconds": 0.22961187362670898,
      "features": [
        "rush_temp",
        "Rush Hour",
        "rush_hour_cycle",
        "rush_weather_high",
        "rush_weather_Clouds",
        "rush_weather_Clear",
        "temp_cubed",
        "temp_extreme_hot",
        "temp_squared",
        "temp"
      ]
    },
    {
      "k": 35,
      "selected_features": 35,
      "poly_features": 665,
      "train_r2": 0.21378384168754838,
      "train_rmse": 1765.506542758592,
      "train_mae": 1510.3171223030595,
      "val_r2": 0.1907153329492336,
      "val_rmse": 1774.7906692936233,
      "val_mae": 1515.9959974247477,
      "overfitting": 0.023068508738314786,
      "time_seconds": 0.33278512954711914,
      "features": [
        "rush_temp",
        "Rush Hour",
        "rush_hour_cycle",
        "rush_weather_high",
        "rush_weather_Clouds",
        "rush_weather_Clear",
        "temp_cubed",
        "temp_extreme_hot",
        "temp_squared",
        "temp"
      ]
    },
    {
      "k": 40,
      "selected_features": 40,
      "poly_features": 860,
      "train_r2": 0.21498856880893014,
      "train_rmse": 1764.1533722560334,
      "train_mae": 1508.7055487225325,
      "val_r2": 0.1815489990568384,
      "val_rmse": 1784.8134202026354,
      "val_mae": 1517.391171369492,
      "overfitting": 0.033439569752091725,
      "time_seconds": 0.5185410976409912,
      "features": [
        "rush_temp",
        "Rush Hour",
        "rush_hour_cycle",
        "rush_weather_high",
        "rush_weather_Clouds",
        "rush_weather_Clear",
        "temp_cubed",
        "temp_extreme_hot",
        "temp_squared",
        "temp"
      ]
    },
    {
      "k": 45,
      "selected_features": 45,
      "poly_features": 1080,
      "train_r2": 0.22024236539113018,
      "train_rmse": 1758.2400426011827,
      "train_mae": 1502.1918281355186,
      "val_r2": 0.18790449126242392,
      "val_rmse": 1777.8701366340088,
      "val_mae": 1511.6862048530309,
      "overfitting": 0.03233787412870626,
      "time_seconds": 0.670964241027832,
      "features": [
        "rush_temp",
        "Rush Hour",
        "rush_hour_cycle",
        "rush_weather_high",
        "rush_weather_Clouds",
        "rush_weather_Clear",
        "temp_cubed",
        "temp_extreme_hot",
        "temp_squared",
        "temp"
      ]
    },
    {
      "k": 50,
      "selected_features": 49,
      "poly_features": 1274,
      "train_r2": 0.2205946358312325,
      "train_rmse": 1757.8428384343583,
      "train_mae": 1501.5544431787514,
      "val_r2": 0.18775923092178015,
      "val_rmse": 1778.0291342342805,
      "val_mae": 1511.7051767747635,
      "overfitting": 0.03283540490945236,
      "time_seconds": 0.8633031845092773,
      "features": [
        "rush_temp",
        "Rush Hour",
        "rush_hour_cycle",
        "rush_weather_high",
        "rush_weather_Clouds",
        "rush_weather_Clear",
        "temp_cubed",
        "temp_extreme_hot",
        "temp_squared",
        "temp"
      ]
    },
    {
      "k": 52,
      "selected_features": 49,
      "poly_features": 1274,
      "train_r2": 0.2205946358312325,
      "train_rmse": 1757.8428384343583,
      "train_mae": 1501.5544431787514,
      "val_r2": 0.18775923092178015,
      "val_rmse": 1778.0291342342805,
      "val_mae": 1511.7051767747635,
      "overfitting": 0.03283540490945236,
      "time_seconds": 0.7933628559112549,
      "features": [
        "rush_temp",
        "Rush Hour",
        "rush_hour_cycle",
        "rush_weather_high",
        "rush_weather_Clouds",
        "rush_weather_Clear",
        "temp_cubed",
        "temp_extreme_hot",
        "temp_squared",
        "temp"
      ]
    }
  ],
  "best_config": {
    "k": 35,
    "selected_features": 35,
    "poly_features": 665,
    "train_r2": 0.21378384168754838,
    "train_rmse": 1765.506542758592,
    "train_mae": 1510.3171223030595,
    "val_r2": 0.1907153329492336,
    "val_rmse": 1774.7906692936233,
    "val_mae": 1515.9959974247477,
    "overfitting": 0.023068508738314786,
    "time_seconds": 0.33278512954711914,
    "features": [
      "rush_temp",
      "Rush Hour",
      "rush_hour_cycle",
      "rush_weather_high",
      "rush_weather_Clouds",
      "rush_weather_Clear",
      "temp_cubed",
      "temp_extreme_hot",
      "temp_squared",
      "temp"
    ]
  }
}