{
  "architecture": "2-2-1",
  "optimizer": "sgd",
  "final_loss": 0.0025712431968208105,
  "iterations": 500,
  "weights": {
    "linear1_weight": [
      -5.790188637639697,
      4.308036547042259,
      -5.7826062715948385,
      4.306272357612999
    ],
    "linear1_bias": [
      2.1814315465788874,
      -6.705885596716711
    ],
    "linear2_weight": [
      -8.439790785828407,
      -8.57550080244843
    ],
    "linear2_bias": [
      4.187295154980056
    ]
  }
}