{
  "architecture": "2-2-1",
  "optimizer": "pso",
  "final_loss": 0.002518349381937336,
  "iterations": 500,
  "weights": {
    "linear1_weight": [
      10.0,
      -10.0,
      -10.0,
      10.0
    ],
    "linear1_bias": [
      5.0067604294463255,
      5.006760474854497
    ],
    "linear2_weight": [
      -6.80103831616244,
      -6.8010383225953674
    ],
    "linear2_bias": [
      10.0
    ]
  }
}